id,cost
0,22409.255736961095
1,21526.962174964967
2,20315.7579360587
3,20315.7579360587
4,18951.41795472566
5,18846.0863616025
6,18846.0863616025
7,17738.867155437827
8,17738.867155437827
9,17704.12428707175
